{
  "products" : {
    "digital" : {
      "battlefield_5" : {
        "Image" : "https://static.raru.co.za/cover/2018/05/23/6663677-l.jpg?v=1542799307",
        "Name" : "Battlefield V",
        "Platform" : "Playstation 4/X-BOX 1/PC",
        "Price" : 49.99,
        "Publisher" : "EA",
        "Rating" : "18+",
        "Splitscreen" : "No",
        "Type" : "Multiplayer/Singleplayer",
        "value" : 1
      },
      "call_of_duty_black_ops_4" : {
        "Image" : "https://static-ie.gamestop.ie/images/products/265357/3max.jpg",
        "Name" : "Call of Duty Black Ops 4",
        "Platform" : "Playstation/X-BOX 1/PC",
        "Price" : 39.99,
        "Publisher" : "Blizzard",
        "Rating" : "18+",
        "Type" : "Multiplayer/Singleplayer",
        "value" : 2
      },
      "fifa_19" : {
        "Image" : "https://images-na.ssl-images-amazon.com/images/I/915BYoO50oL._SL1500_.jpg",
        "Name" : "Fifa 19",
        "Platform" : "PlayStation 4/X-BOX 1/PC/Nintendo SWITCH",
        "Price" : 49.99,
        "Publisher" : "EA",
        "Rating" : "3+",
        "Splitscreen" : "2-8",
        "Type" : "Multiplayer/Singleplayer",
        "value" : 3
      },
      "gta_5" : {
        "Image" : "https://media.rockstargames.com/rockstargames/img/global/news/upload/actual_1364906194.jpg",
        "Name" : "Grand Theft Auto V",
        "Platform" : "Playstation 3/Playstation 4/X-BOX 1/PC",
        "Price" : 35.99,
        "Publisher" : "Rockstar",
        "Rating" : "18+",
        "Splitscreen" : "no",
        "Type" : "Multiplayer/Singleplayer",
        "value" : 4
      },
      "nba-2k19" : {
        "Image" : "https://static-no.gamestop.no/images/products/266935/3max.jpg",
        "Name" : "NBA 2k19",
        "Platform" : "Playstation 4/X-BOX 1",
        "Price" : 24.99,
        "Publisher" : "Visual Concepts",
        "Rating" : "3+",
        "Splitscreen" : "yes",
        "Type" : "Multiplayer/Singleplayer",
        "value" : 5
      },
      "nhl_19" : {
        "Image" : "https://cdn.pji.nu/product/standard/800/4798040.jpg",
        "Name" : "NHL 19",
        "Platform" : "Playstation 4/X-BOX 1",
        "Price" : 27.99,
        "Publisher" : "EA",
        "Rating" : "3+",
        "Splitscreen" : "yes",
        "Type" : "Multiplayer/Splitscreen",
        "value" : 6
      },
      "rainbow_six_siege" : {
        "Image" : "https://images-na.ssl-images-amazon.com/images/I/81YGBJFzZ-L._SL1500_.jpg",
        "Name" : "Rainbow Six Siege Standard Edition",
        "Platform" : "Playstation 4/X-BOX/PC",
        "Price" : 25.99,
        "Publisher" : "Ubisoft",
        "Rating" : "18+",
        "Splitscreen" : "no",
        "Type" : "Multiplayer/Splitscreen",
        "value" : 7
      }
    }
  }
}
